cl;FA_Paged;FA_vAttention;FI_Paged;FI_vAttention
1K;0.003072;0.003776512;0.003293184;0.003620864
2K;0.008364032;0.008863744;0.008749056;0.00884736
4K;0.02936832;0.026484736;0.028950528;0.026533888
8K;0.110911488;0.094265343;0.097370111;0.093896704
16K;0.415424507;0.346882057;0.381878273;0.345767929
32K;1.635909637;1.347190765;1.483063293;1.348993011
64K;6.988324829;5.450465332;5.954084839;5.405376465
128K;30.31848584;23.16309277;25.41590137;23.32337793
192K;69.99099023;53.56746387;58.31963477;53.64038184