p_d	cl	FA_Paged	FA_vAttention	FI_Paged
500	32768	177.8103888	166.0891182	206.014624
500	65536	557.4820661	483.4067186	588.0756736
500	131072	1993.066075	1633.315262	1929.722503
100	32768	203.7796322	191.9352782	243.8540352
100	65536	656.7827529	587.8920808	734.0517804
100	131072	2378.176194	2042.287392	2521.504037
50	32768	234.9422453	227.509397	292.2513132
50	65536	793.1977279	723.6846409	925.9615634
50	131072	2888.531655	2552.774162	3291.147882