p_d	cl	FA_Paged	FA_vAttention	FI_Paged
500	32768	108.84451	106.1926881	135.7202599
500	65536	321.7923031	291.7556647	367.7439549
500	131072	1120.141459	943.3888461	1140.046123
100	32768	132.3312761	130.4107718	162.7081307
100	65536	418.7071064	392.2574928	476.4447883
100	131072	1505.41635	1351.232335	1578.536389
50	32768	164.2159728	161.916728	199.5836689
50	65536	542.6102586	517.3736386	616.6060548
50	131072	2011.54247	1852.599006	2145.243826