p_d	cl	FA_Paged	FA_vAttention	FI_Paged
500	32768	504.5171223	479.2290503	562.9387302
500	65536	1434.810643	1297.937065	1488.58375
500	131072	4726.076109	4060.928203	4612.165752
100	32768	664.6936913	643.7495581	745.7556018
100	65536	2061.623529	1934.841999	2188.293556
100	131072	7145.709682	6554.248368	7422.646734
50	32768	858.6025502	836.196314	958.7795806
50	65536	2798.483341	2673.210238	3048.724092
50	131072	10189.17791	9742.614574	10914.02315