cl;FA_Paged;FA_vAttention;FI_Paged;FI_vAttention
1K;0.001875968;0.002809856;0.002482176;0.003067904
2K;0.004866048;0.005296128;0.005697536;0.00610304
4K;0.015757312;0.015998976;0.017625088;0.016089088
8K;0.055721984;0.050737152;0.055816192;0.051073024
16K;0.204824575;0.178552832;0.197828608;0.179200003
32K;0.797683708;0.674164742;0.758427643;0.67941581
64K;3.35488208;2.746118073;2.964156433;2.809729034
128K;15.37718665;11.58968103;12.76980835;11.36291846
192K;35.60898486;26.87065649;29.69839185;26.70940186