cl;FA_Paged;FA_vAttention;FI_Paged;FI_vAttention
1K;0.00609024;0.00718848;0.00642816;0.00686592
2K;0.01661952;0.01730304;0.01663488;0.01736448
4K;0.0567936;0.0523776;0.05473536;0.05169408
8K;0.202836481;0.178007038;0.19252992;0.174382077
16K;0.785402884;0.671493115;0.742932487;0.66379775
32K;3.155681276;2.630691805;2.891504631;2.673515539
64K;13.15259892;10.28806652;11.17799423;10.11918331
128K;56.87412432;43.21795572;46.65470175;42.50337052
192K;131.7703913;98.83852003;104.6962558;96.52333011